Intense,Severe,Obscene,Threatening,Insulting,Personal,meta_intensity,Dialogue
0.02,0.01,0.01,0.04,0.01,0.0,0.015,           (nodding)  It will cost.
0.02,0.01,0.01,0.04,0.01,0.01,0.016666666666666666, Who do I give this job to?
0.01,0.01,0.01,0.01,0.01,0.01,0.01, Francesco Nippi.  His nephew has  been refused parole.  A bad case.
0.03,0.01,0.01,0.02,0.01,0.01,0.015, You understand him better than  anyone.
0.01,0.01,0.01,0.02,0.01,0.01,0.011666666666666667," Hello Kay.  Your father's inside,  doing some business.            (privately)  He's been asking for you."
0.01,0.01,0.01,0.01,0.01,0.01,0.01," The Senator called--apologized for  not coming personally, but said  you'd understand.  Also, some of  the Judges...they've all sent gifts.  And another call from Virgil  Sollozzo."
0.01,0.0,0.01,0.01,0.01,0.03,0.011666666666666667," The action is narcotics.  Sollozzo  has contacts in Turkey for the  poppy, in Sicily for the plants to  process down to morphine or up to  heroin.  Also he has access to this  country.  He's coming to us for  financial help, and some sort of  immunity from the law.  For that we  get a piece of the action, I  couldn't find out how much.  Sollozzo is vouched for by the  Tattaglia family, and they may have  a piece of the action.  They call  Sollozzo the Turk.  He's spent a lot of time in Turkey  and is suppose to have a Turkish  wife and kids.  He's suppose to be  very quick with the knife, or was,  when he was younger.  Only in  matters of business and with some  reasonable complaint.  Also he has  an American wife and three children  and he is a good family man."
0.02,0.01,0.01,0.01,0.01,0.01,0.011666666666666667," He's his own boss, and very  competent."
0.02,0.0,0.01,0.01,0.01,0.01,0.01," Two terms; one in Italy, one in the  United States.  He's known to the  Government as a top narcotics man.  That could be a plus for us; he  could never get immunity to testify."
0.02,0.01,0.01,0.02,0.01,0.01,0.01333333333333333, This morning.
0.05,0.01,0.01,0.06,0.01,0.01,0.025000000000000005, Should I bring him in.
0.11,0.01,0.01,0.06,0.02,0.0,0.034999999999999996, It's been two years.  He's probably  in trouble again.
0.11,0.01,0.03,0.01,0.02,0.22,0.06666666666666667, Sonny?
0.27,0.01,0.02,0.04,0.02,0.01,0.061666666666666675, The old man wants you; Johnny's  here...he's got a problem.
0.01,0.01,0.01,0.02,0.01,0.01,0.011666666666666667," They'll cut the cake in a few  minutes...leave right after that.  Your new son-in-law, do we give him  something important?"
0.02,0.01,0.01,0.03,0.01,0.01,0.015, I've called the hospital; they've  notified Consiglere Genco's family  to come and wait.  He won't last  out the night.
0.02,0.01,0.01,0.03,0.01,0.0,0.013333333333333334, Understood.
0.01,0.01,0.01,0.01,0.02,0.05,0.018333333333333333," Mr. Corleone is Johnny's Godfather.  That is very close, a very sacred  religious relationship."
0.01,0.01,0.01,0.02,0.01,0.01,0.011666666666666667, He never asks a second favor when  he has been refused the first.  Understood?
0.07,0.01,0.01,0.01,0.01,0.06,0.028333333333333332, I'm German-Irish.
0.01,0.01,0.01,0.01,0.01,0.01,0.01, It's from Johnny.  It was announced  this morning.  He's going to play  the lead in the new Woltz Brothers  film.
0.03,0.01,0.01,0.01,0.01,0.02,0.015000000000000001, Right.
0.02,0.01,0.01,0.03,0.01,0.01,0.015," Michael called; he's not leaving  New Hampshire until tomorrow  morning.  I've got to go, I promised  Theresa I'd pick up some toys for  the kids."
0.02,0.01,0.01,0.02,0.01,0.01,0.01333333333333333, I haven't got time.
0.6,0.02,0.03,0.31,0.02,0.04,0.17,           (pulling himself together)  Sonny will come after you with  everything he's got.
0.05,0.01,0.01,0.01,0.01,0.01,0.016666666666666666, Even Sonny won't be able to call  off Luca Brasi.
0.04,0.01,0.01,0.06,0.01,0.01,0.023333333333333334, I'll try...It's what the Don would  want us to do.
0.79,0.03,0.05,0.25,0.07,0.02,0.2016666666666667," If I plead before the Supreme  Court, I'll never do better than I  did tonight with that Turk."
0.02,0.01,0.01,0.02,0.01,0.01,0.01333333333333333, Is the hospital covered?
0.26,0.02,0.01,0.15,0.02,0.01,0.07833333333333335," Too much, too far, too personal.  The Don would consider this all  purely a business dispute: Get rid  of Sollozzo, and everything falls  in line.  YOU don't have to go  after the Tattaglias."
0.02,0.01,0.01,0.02,0.01,0.01,0.01333333333333333, What about Luca?  Sollozzo didn't  seem worried about Luca.  That  worries me.
0.01,0.01,0.01,0.02,0.01,0.01,0.011666666666666667, Has anyone been able to get in  touch with him?
0.05,0.01,0.01,0.02,0.01,0.0,0.016666666666666666," Luca never sleeps over with a broad.  He always goes home when he's  through.  Mike, keep ringing Luca's  number."
0.02,0.01,0.01,0.03,0.01,0.01,0.015, Keep trying every fifteen minutes.            (exhausted)
0.54,0.02,0.02,0.32,0.02,0.04,0.16000000000000003," Without your father's political  contacts and personal influence,  the Corleone family loses half its  strength.  Without your father, the  other New York families might wind  up supporting Sollozzo, and the  Tattaglias just to make sure there  isn't a long destructive war.  The  old days are over, this is 1946;  nobody wants bloodshed anymore.  If  your father dies...make the deal,  Sonny."
0.03,0.01,0.01,0.02,0.01,0.01,0.015,           (quietly)  I was as good a son to him as you  or Mike.
0.06,0.01,0.01,0.03,0.01,0.02,0.02333333333333333, We're all tired...
0.06,0.01,0.01,0.02,0.02,0.0,0.02, Maybe Mike shouldn't get mixed up  in this so directly.  You know the  old man doesn't want that.
0.02,0.01,0.01,0.02,0.01,0.01,0.01333333333333333, Was there a definite proposal?
0.08,0.01,0.01,0.03,0.01,0.02,0.02666666666666667, What about that Tattaglias?  What  will they do about Bruno?
0.02,0.01,0.01,0.03,0.01,0.01,0.015, We should hear what they have to say.
0.03,0.01,0.01,0.03,0.01,0.04,0.021666666666666667, The other families won't sit still  for all out war.
0.12,0.01,0.02,0.01,0.02,0.01,0.03166666666666667," Come ON Sonny, your father wouldn't  want to hear this.  This is not a  personal thing, this is Business."
0.07,0.01,0.01,0.02,0.01,0.01,0.021666666666666667," Yes, even the shooting of your  father was business, not personal..."
0.09,0.01,0.02,0.03,0.02,0.01,0.03," I found out about this Captain  McCluskey who broke Mike's jaw.  He's definitely on Sollozzo's  payroll, and for big money.  McCluskey's agreed to be the Turk's  bodyguard.  What you have to  understand is that while Sollozzo  is guarded like this, he's  invulnerable.  Nobody has ever  gunned down a New York Police  Captain.  Never.  It would be  disastrous.  All the five families  would come after you Sonny; the  Corleone family would be outcasts;  even the old man's political  protection would run for cover.  So  just...take that into consideration."
0.02,0.01,0.01,0.02,0.01,0.01,0.01333333333333333, What about McCluskey?
0.09,0.0,0.01,0.02,0.01,0.02,0.024999999999999998," We don't let Mike go until we have  the hostage, Sonny."
0.02,0.01,0.01,0.01,0.01,0.02,0.013333333333333334, No.  Our informer in McCluskey's  precinct.  Tonight at 8:00 he  signed out for Louis' Restaurant in  the Bronx.  Anyone know it.
0.78,0.01,0.08,0.02,0.06,0.02,0.16166666666666665,"           (starting to crack)  Jesus, I don't know..."
0.03,0.01,0.01,0.03,0.01,0.01,0.016666666666666666," Kay, we weren't expecting you.  You  should call..."
0.02,0.01,0.01,0.02,0.01,0.01,0.01333333333333333," Nobody knows where he is.  We know  he's all right, but that's all."
0.03,0.01,0.01,0.02,0.01,0.01,0.015, An accident.  No one was hurt.
0.03,0.01,0.01,0.02,0.01,0.01,0.015, Sure...I'm sorry.
0.02,0.01,0.01,0.04,0.01,0.01,0.016666666666666666," If I accept that letter and you  told a Court of Law I accepted it,  they would interpret it as my  having knowledge of his whereabouts.  Just wait Kay, he'll contact you."
0.12,0.01,0.01,0.02,0.01,0.03,0.03333333333333333," Mama, no."
0.03,0.01,0.01,0.02,0.01,0.01,0.015," ...since McCluskey's killing, the  police have cracked down on most of  our operations...on the other  families too.  There's been a lot  of bad blood."
0.02,0.01,0.01,0.01,0.01,0.01,0.011666666666666667, We put out a lot of material  through our contacts in the  Newspapers...about McCluskey's  being tied up with Sollozzo in the  Drug Rackets...things are starting  to loosen up.
0.4,0.02,0.01,0.22,0.01,0.04,0.11666666666666668, Michael...            (he takes a breath)  It was Michael who killed Sollozzo.
0.03,0.01,0.01,0.04,0.01,0.01,0.01833333333333333, He's safe now...we're already  working on ways to bring him back.
0.17,0.01,0.02,0.04,0.02,0.01,0.045000000000000005," You start operating, the five  families will start their raids  again.  We're at a stalemate Sonny,  your war is costing us a lot of  money."
0.24,0.02,0.03,0.04,0.04,0.0,0.06166666666666667," Yes.  That's true, you're getting a  hell of a reputation."
0.47,0.02,0.02,0.35,0.01,0.1,0.16166666666666665, Go after him.
0.04,0.01,0.01,0.08,0.01,0.01,0.026666666666666672,           (quietly)  OK.  Go to Clemenza's house and  tell him to come here right away.  He'll tell you what to do.
0.02,0.01,0.01,0.03,0.01,0.01,0.015,           (quietly)  I didn't tell Mama anything.  I was  about to come up and wake you and  tell you.  Just now.
0.02,0.01,0.01,0.01,0.01,0.01,0.011666666666666667, Yes.
0.76,0.03,0.03,0.49,0.03,0.06,0.23333333333333336, They shot Sonny on the Causeway.            (pause)  He's dead.
0.01,0.01,0.01,0.02,0.01,0.01,0.011666666666666667," This is Tom Hagen; I'm calling for  Don Corleone, at his request."
0.02,0.01,0.01,0.03,0.01,0.01,0.015, You owe the Don a service.  He has  no doubt that you will repay it.
0.12,0.01,0.01,0.03,0.01,0.01,0.03166666666666667, When I meet with Tattaglia's  people; should I insist that all  his drug middle-men be clean?
0.03,0.01,0.01,0.01,0.01,0.01,0.013333333333333334, You mean Tattaglia.
0.01,0.01,0.01,0.01,0.01,0.01,0.01,           (a revelation)  He was the one behind Sollozzo?
0.02,0.01,0.01,0.02,0.01,0.01,0.01333333333333333," Mike, why are you cutting me out of  the action?"
0.02,0.01,0.01,0.01,0.01,0.01,0.011666666666666667," I'm not talking about that.  I'm  talking about Rocco Lampone building  a secret regime.  Why does Neri  report directly to you, rather than  through me or a caporegime?"
0.02,0.01,0.01,0.01,0.01,0.01,0.011666666666666667, Bookkeepers know everything.  Rocco's men are all a little too  good for the jobs they're supposed  to be doing.  They get a little  more money than the job's worth.            (pause)  Lampone's a good man; he's operating  perfectly.
0.03,0.01,0.01,0.01,0.01,0.01,0.013333333333333334," Mike, why am I out?"
0.34,0.01,0.02,0.09,0.02,0.01,0.08166666666666668," OK, but then I agree with Tessio.  You're going about it all wrong;  you're making the move out of  weakness... Barzini's a wolf, and  if he tears you apart, the other  families won't come running to help  the Corleones..."
0.02,0.01,0.01,0.03,0.01,0.01,0.015, Maybe I can help.
0.03,0.01,0.01,0.02,0.01,0.01,0.015, Did he give you his politicians?
0.32,0.02,0.02,0.39,0.02,0.03,0.13333333333333333, How will they come at you?
0.01,0.01,0.01,0.02,0.01,0.01,0.011666666666666667, Have you agreed on a meeting?
0.02,0.01,0.01,0.04,0.01,0.01,0.016666666666666666, You'd better make your call to  Barzini; Michael's ready.
0.02,0.01,0.01,0.04,0.01,0.01,0.016666666666666666,           (gravely)  I'm sure he will.
0.02,0.01,0.01,0.03,0.01,0.01,0.015,"           (gently)  I can't go with you either, Tessio."
0.02,0.01,0.01,0.02,0.01,0.01,0.01333333333333333, He understands that.
0.03,0.01,0.01,0.03,0.01,0.01,0.016666666666666666, I can't.
