Intense,Severe,Obscene,Threatening,Insulting,Personal,meta_intensity,Dialogue
0.02,0.01,0.01,0.02,0.01,0.01,0.01333333333333333, I told you I had a lot of relatives.
0.02,0.01,0.01,0.02,0.01,0.01,0.01333333333333333, They're waiting to see my father.
0.02,0.01,0.01,0.03,0.01,0.01,0.015," They're going to talk to my father,  which means they're going to ask  him for something, which means they  better get it right."
0.03,0.01,0.01,0.02,0.01,0.16,0.04, Because they know that no Sicilian  will refuse a request on his  daughter's wedding day.
0.05,0.01,0.01,0.02,0.01,0.0,0.016666666666666666, No.  His name is Luca Brasi.  You  wouldn't like him.
0.02,0.01,0.01,0.02,0.01,0.01,0.01333333333333333,           (Sizing her up)  You really want to know?
0.19,0.01,0.02,0.03,0.02,0.01,0.04666666666666667, You like spaghetti?
0.2,0.01,0.02,0.11,0.02,0.01,0.061666666666666675, Then eat your spaghetti and I'll  tell you a Luca Brasi story.
0.54,0.02,0.02,0.25,0.02,0.02,0.14500000000000002," Once upon a time, about fifteen  years ago some people wanted to  take over my father's olive oil  business.  They had Al Capone send  some men in from Chicago to kill my  father, and they almost did."
0.86,0.06,0.02,0.24,0.03,0.07,0.21333333333333335," My Father sent Luca Brasi after  them.  He tied the two Capone men  hand and foot, and stuffed small  bath towels into their mouths.  Then he took an ax, and chopped one  man's feet off..."
0.16,0.01,0.01,0.03,0.01,0.01,0.03833333333333334, Then the legs at the knees...
0.19,0.02,0.02,0.04,0.02,0.01,0.049999999999999996, Then the thighs where they joined  the torso.
0.02,0.01,0.01,0.02,0.01,0.01,0.01333333333333333, Then Luca turned to the other man...
0.69,0.04,0.02,0.15,0.02,0.02,0.15666666666666668, ...who out of sheer terror had  swallowed the bath towel in his  mouth and suffocated.
0.08,0.01,0.01,0.05,0.01,0.0,0.02666666666666667, I told you you wouldn't like him.
0.01,0.01,0.01,0.02,0.01,0.01,0.011666666666666667," Tom...Tom, I'd like you to meet Kay  Adams."
0.01,0.01,0.01,0.01,0.01,0.01,0.01," My brother, Tom Hagen."
0.02,0.01,0.01,0.02,0.01,0.0,0.011666666666666665, Thanks Tom.
0.11,0.01,0.03,0.01,0.02,0.02,0.03333333333333333," My brother Sonny found him living  in the streets when he was a kid,  so my father took him in.  He's a  good lawyer."
0.03,0.01,0.01,0.02,0.01,0.01,0.015, Sure.
0.11,0.01,0.01,0.02,0.01,0.01,0.028333333333333335, He's my father's godson; he owes  him his whole career.
0.02,0.01,0.01,0.03,0.01,0.0,0.013333333333333334, Tom said he'd take care of it.
0.29,0.04,0.01,0.11,0.02,0.01,0.08, For bravery.
0.9,0.15,0.05,0.76,0.05,0.06,0.32833333333333337, For killing a man.
0.03,0.01,0.01,0.02,0.01,0.03,0.018333333333333333, I fought for my country.  It was my  choice.
0.05,0.01,0.01,0.06,0.01,0.01,0.025000000000000005, I'm going to finish school.
0.02,0.01,0.01,0.02,0.01,0.01,0.01333333333333333, And what do you want for Christmas?
0.04,0.01,0.01,0.11,0.01,0.01,0.03166666666666667," As long as I tell him beforehand he  won't object.  He'll be hurt, but  he won't object."
0.03,0.01,0.01,0.04,0.01,0.0,0.016666666666666666, For dinner.  Unless I call and tell  them we're still in New Hampshire.
0.03,0.01,0.01,0.04,0.01,0.0,0.016666666666666666," Then we can have dinner, see a  show, and spend one more night."
0.02,0.01,0.01,0.02,0.01,0.01,0.01333333333333333," Shhh, you be the long distance  operator.  Here."
0.01,0.01,0.01,0.02,0.01,0.01,0.011666666666666667," Hello, Tom?  Michael.  Yeah...  listen, we haven't left yet.  I'm  driving down to the city with Kay  tomorrow morning.  There's something  important I want to tell the old  man before Christmas.  Will he be  home tomorrow night?"
0.02,0.01,0.01,0.01,0.01,0.03,0.015, No.
0.02,0.01,0.01,0.02,0.01,0.01,0.01333333333333333, I'm thinking about it.
0.03,0.01,0.01,0.03,0.01,0.01,0.016666666666666666," No, I would not like you better if  you were Ingrid Bergman."
0.04,0.01,0.01,0.04,0.01,0.01,0.02,           (desperately)  They don't say if he's dead or alive.
0.02,0.01,0.01,0.02,0.01,0.01,0.01333333333333333, Thanks.
0.01,0.01,0.01,0.02,0.01,0.01,0.011666666666666667,           (gently)  You heard from Tom yet?
0.02,0.01,0.01,0.02,0.01,0.01,0.01333333333333333,           (taking her hand)  C'mon.
0.02,0.01,0.01,0.02,0.01,0.01,0.01333333333333333, How's Mom?
0.02,0.01,0.01,0.03,0.01,0.01,0.015, I can help you out...
0.61,0.01,0.15,0.01,0.08,0.1,0.16," Jesus Christ, he's my father, Sonny."
0.03,0.0,0.01,0.01,0.01,0.01,0.011666666666666667, What?
0.02,0.01,0.01,0.01,0.01,0.01,0.011666666666666667," Clemenza?  No, I don't believe it."
0.01,0.01,0.01,0.02,0.01,0.01,0.011666666666666667, How can you be sure?
0.03,0.01,0.01,0.03,0.01,0.01,0.016666666666666666," Is it going to be all-out war, like  last time?"
0.06,0.01,0.01,0.02,0.01,0.01,0.019999999999999997," Then wait, Sonny.  Talk to Pop."
0.02,0.01,0.01,0.01,0.01,0.01,0.011666666666666667,           (softly)  That's not how Pop would have  played it.
0.18,0.01,0.02,0.02,0.01,0.01,0.041666666666666664,"           (calmly)  All right, Sonny.  All right."
0.02,0.01,0.01,0.02,0.01,0.01,0.01333333333333333, Is it like they say?  Is he that  good?
0.02,0.01,0.01,0.02,0.01,0.01,0.01333333333333333, Hello.  Kay?
0.02,0.01,0.01,0.02,0.01,0.01,0.01333333333333333, He'll be OK.
0.03,0.01,0.02,0.01,0.01,0.01,0.014999999999999998," Yeah Kay, I'm here."
0.12,0.01,0.03,0.01,0.02,0.01,0.03333333333333333, Huh?
0.02,0.01,0.01,0.02,0.01,0.01,0.01333333333333333, I can't...
0.02,0.01,0.01,0.03,0.01,0.01,0.015," Look.  I'll see you tonight, OK?"
0.01,0.01,0.01,0.01,0.01,0.02,0.011666666666666667, To the city.
0.03,0.01,0.01,0.01,0.01,0.02,0.015000000000000001," I don't need them, Sonny.  I'm just  going to see Pop in the hospital.  Also, I got other things."
0.01,0.01,0.01,0.02,0.01,0.01,0.011666666666666667, Visiting hour ends at eight thirty.  I'll just sit with him; I want to  show respect.
0.02,0.01,0.01,0.02,0.01,0.01,0.01333333333333333, I don't think so.  You don't want  to end up on page 3 of the Daily  News.
0.03,0.01,0.01,0.04,0.01,0.0,0.016666666666666666, I don't think so either.            (silence)  I better go.
0.11,0.01,0.01,0.13,0.01,0.01,0.04666666666666667, I want you to go back to New  Hampshire...think things over.
0.03,0.01,0.01,0.03,0.01,0.01,0.016666666666666666, Goodbye.
0.02,0.01,0.01,0.02,0.01,0.01,0.01333333333333333, Hello?  Hello?
0.02,0.01,0.01,0.02,0.01,0.01,0.01333333333333333, I'm Michael Corleone--this is my  father.  What happened to the  detectives who were guarding him?
0.46,0.02,0.02,0.11,0.03,0.01,0.10833333333333334, You just stand here one minute...
0.72,0.01,0.06,0.03,0.05,0.02,0.14833333333333334," Sonny...Sonny--Jesus Christ, I'm  down at the hospital.  I came down  late.  There's no one here.  None  of Tessio's people--no detectives,  no one.  The old man is completely  unprotected."
0.03,0.01,0.01,0.06,0.01,0.01,0.021666666666666667,"           (furiously, but kept inside)  I won't panic."
0.49,0.04,0.02,0.22,0.03,0.01,0.135,           (coldly)  You and I are going to move my  father right now...to another room  on another floor...Can you  disconnect those tubes so we can  wheel the bed out?
0.43,0.03,0.02,0.53,0.02,0.03,0.17666666666666667, You've read about my father in the  papers.  You've seen that no one's  here to guard him.  Now I've just  gotten word that men are coming to  this hospital to kill him.  Believe  me and help me.
0.06,0.01,0.01,0.04,0.01,0.01,0.023333333333333334," Hurry, into there."
0.01,0.01,0.01,0.02,0.01,0.01,0.011666666666666667,           (stepping out)  Who is it?
0.45,0.02,0.02,0.34,0.02,0.02,0.14500000000000002," Enzo, get out of here.  There's  going to be trouble."
0.09,0.01,0.01,0.14,0.01,0.01,0.045000000000000005, Go outside; stand in front...I'll  be out in a minute.
0.74,0.06,0.03,0.73,0.02,0.06,0.2733333333333334," Pop...Pop, it's me Michael.  Shhhh,  don't try to speak.  There are men  who are coming to try to kill you.  But I'm with you...I'm with you  now..."
0.75,0.05,0.05,0.55,0.04,0.02,0.24333333333333337, Get rid of those and look like  you've got a gun in your pocket.
0.06,0.01,0.01,0.03,0.01,0.02,0.02333333333333333, Listen...
0.01,0.01,0.01,0.02,0.01,0.01,0.011666666666666667,           (quietly)  What happened to the detectives who  were supposed to be guarding my  father?
0.04,0.01,0.01,0.1,0.01,0.01,0.030000000000000002, I'll stay until you put guards  around my father's room.
0.49,0.05,0.02,0.06,0.03,0.01,0.11000000000000003,"           (deliberately, right            to McCLUSKEY's face,            as he's being handcuffed)  How much is the Turk paying you to  set my father up, Captain?"
0.19,0.01,0.05,0.0,0.03,0.05,0.055," Christ, Sonny really means business."
0.14,0.01,0.01,0.09,0.01,0.01,0.045000000000000005, Cut it out.
0.22,0.02,0.02,0.26,0.02,0.01,0.09166666666666667," We can't wait.  No matter what  Sollozzo say about a deal, he's  figuring out how to kill Pop.  You  have to get Sollozzo now."
0.24,0.02,0.01,0.28,0.01,0.01,0.09500000000000001, Let's say now that we have to kill  McCluskey.  We'll clear that up  through our Newspaper contacts later.
0.66,0.04,0.04,0.71,0.03,0.05,0.25500000000000006," They want me to go to the conference  with Sollozzo.  Set up the meeting  for two days from now.  Sonny, get  our informers to find out where the  meeting will be held.  Insist it has to be a public place:  a bar or restaurant at the height  of the dinner hour.  So I'll feel  safe.  They'll check me when I meet  them so I won't be able to carry a  weapon; but Clemenza, figure out a  way to have one planted there for  me.            (pause)  Then I'll kill them both."
0.92,0.06,0.05,0.73,0.05,0.06,0.3116666666666667,"           (angrily, but cold)  Sonny, it's all personal, and I  learned it from him, the old man,  the Godfather.  He took my joining  the Marines personal.  I take  Sollozzo trying to kill my father  personal, and you know I'll kill  them Sonny."
0.03,0.01,0.01,0.05,0.01,0.01,0.02, How bad will it be?
0.85,0.18,0.24,0.04,0.3,0.01,0.27, Why don't you stop living like a  bum and get this place cleaned up.
0.06,0.01,0.02,0.01,0.01,0.01,0.019999999999999997, A million times.
0.03,0.01,0.01,0.04,0.01,0.01,0.01833333333333333, O.K.  How long do you think before  I can come back?
0.05,0.01,0.01,0.06,0.01,0.01,0.025000000000000005, I want to settle things tonight.  I  want my father left alone.
0.02,0.01,0.01,0.02,0.01,0.01,0.01333333333333333, We're going to New Jersey?
0.03,0.01,0.01,0.05,0.01,0.02,0.021666666666666667,           (using English for emphasis)  Most important...I want a sure  guarantee that no more attempts  will be made on my father's life.
0.02,0.01,0.01,0.03,0.01,0.01,0.015, Is it all right if I go to the  bathroom?
0.02,0.01,0.01,0.03,0.01,0.01,0.015, Now I can talk.  I feel much better.
0.02,0.01,0.01,0.01,0.01,0.01,0.011666666666666667, Don Tommassino.
0.02,0.01,0.01,0.03,0.01,0.01,0.015, Calo and Fabrizzio are with me;  nothing will happen.
0.04,0.01,0.01,0.02,0.01,0.01,0.016666666666666666, I know.
0.01,0.01,0.01,0.01,0.01,0.02,0.011666666666666667, Corleone.
0.66,0.02,0.01,0.39,0.02,0.1,0.20000000000000004, I was told that my Grandfather was  murdered on its main street; and  his murderers came to kill my  father there when he was twelve  years old.
0.03,0.01,0.01,0.02,0.01,0.02,0.016666666666666666, Don Tommassino...I should see this  place.
0.01,0.01,0.01,0.02,0.01,0.02,0.013333333333333334, No...I would like to walk to  Corleone.
0.02,0.0,0.01,0.01,0.01,0.04,0.015, How do you know I come from America?
0.03,0.01,0.01,0.01,0.02,0.02,0.016666666666666666, Only the son of a Pezzonovanta.
0.02,0.01,0.01,0.01,0.01,0.01,0.011666666666666667, Yes.
0.03,0.01,0.01,0.03,0.01,0.01,0.016666666666666666,           (sternly)  Shhhhh.
0.04,0.01,0.01,0.02,0.01,0.01,0.016666666666666666, What are you talking about?
0.03,0.0,0.01,0.01,0.01,0.04,0.016666666666666666," She wore a red dress, and a red  ribbon in her hair.  She looks more  Greek than Italian.  Do you know a  beauty like that?"
0.05,0.01,0.01,0.02,0.01,0.01,0.018333333333333333, Innkeeper.  More wine!
0.13,0.02,0.01,0.17,0.01,0.01,0.05833333333333334, Tell him to come to me.
0.02,0.01,0.01,0.02,0.01,0.01,0.01333333333333333,"           (quietly)  I understand I've offended you by  talking about your daughter.  I  offer you my apologies, I'm a  stranger in this country, I don't  know the customs very well.  Let me  say this, I meant no disrespect to  you or her..."
0.02,0.01,0.01,0.02,0.01,0.02,0.015," I am an American hiding in Sicily  from the police of my country.  My  name is Michael.  You can inform  the police and make your fortune  but then your daughter would lose a  father rather than gain a husband.  In any case, I want to meet your  daughter.  With your permission and  under the supervision of your  family.  With all decorum.  With  all respect.  I am an honorable man."
0.03,0.01,0.01,0.07,0.01,0.01,0.023333333333333334," When the proper time comes, I'll  tell you everything that a wife's  father should know."
0.02,0.01,0.01,0.02,0.01,0.01,0.01333333333333333, Your daughter's name?
0.02,0.01,0.01,0.03,0.01,0.01,0.015, It's safer to teach you English.
0.01,0.01,0.01,0.01,0.01,0.01,0.01," Ciao, Don Tommassino."
0.02,0.0,0.01,0.01,0.01,0.04,0.015, Things went badly in Palermo?
0.02,0.01,0.01,0.01,0.01,0.01,0.011666666666666667, Is that why there are more men on  the walls?
0.02,0.01,0.01,0.02,0.01,0.01,0.01333333333333333, What is it?
0.03,0.01,0.01,0.02,0.01,0.0,0.013333333333333334, Get the car.  I'll be leaving in  ten minutes.  Where's Calo?
0.02,0.01,0.01,0.04,0.01,0.01,0.016666666666666666," No, she's going home to her family.  She'll join me in a few weeks..."
0.02,0.01,0.01,0.02,0.01,0.0,0.011666666666666665," No, I'll get it.  Where's Appolonia?"
0.06,0.01,0.01,0.04,0.01,0.0,0.021666666666666667, Tell Fabrizzio and wait for me in  the car.
0.41,0.02,0.04,0.02,0.06,0.0,0.09166666666666667,           (muttering to himself)  Where the hell is he going?
0.12,0.01,0.01,0.02,0.01,0.02,0.03166666666666667, No.  No!
0.04,0.01,0.01,0.03,0.01,0.02,0.02, Fabrizzio.  Let your shepherds know  that the one who gives me Fabrizzio  will own the finest pastures in  Sicily.
0.06,0.01,0.01,0.03,0.01,0.0,0.019999999999999997,           (pained)  No.
0.06,0.01,0.01,0.04,0.01,0.03,0.02666666666666667," I want children, I want a family.  But I don't know when."
0.01,0.01,0.01,0.02,0.01,0.01,0.011666666666666667," I could accept everything that's  happened; I could accept it, but  that I never had a choice.  From  the time I was born, you had laid  this all out for me."
0.48,0.02,0.01,0.2,0.02,0.02,0.125, You wanted me to be your son.
0.28,0.01,0.01,0.07,0.01,0.07,0.07500000000000001, Then why have I become a man like  you?
0.02,0.01,0.01,0.03,0.01,0.01,0.015, A man has to choose what he will be.  I believe that.
0.02,0.01,0.01,0.01,0.01,0.01,0.011666666666666667, Why didn't Moe Green meet us at the  airport?
0.04,0.01,0.01,0.03,0.01,0.0,0.016666666666666666," You look good, too."
0.03,0.01,0.01,0.02,0.01,0.01,0.015,           (dryly)  No.
0.04,0.01,0.01,0.03,0.01,0.0,0.016666666666666666," Come here a minute, Fredo."
0.06,0.0,0.01,0.01,0.01,0.01,0.016666666666666663, Who are those girls?
0.32,0.02,0.01,0.29,0.01,0.01,0.11, Give them some money and send them  home.
0.58,0.02,0.02,0.34,0.02,0.03,0.16833333333333333, Get rid of them...
0.01,0.01,0.01,0.01,0.01,0.01,0.01," Johnny, the Corleone family is  thinking of selling out all our  interests in the Olive Oil business  and settling here.  Moe Greene will  sell us his interest so it can be  wholly owned by friends of the  family."
0.02,0.01,0.01,0.05,0.01,0.01,0.01833333333333333, I'll make him an offer he can't  refuse.
0.02,0.01,0.01,0.03,0.01,0.01,0.015," Johnny, the Don wants you to help  us get started.  We figure  entertainment will be the big  factor in drawing gamblers.  We  hope you'll sign a contract to  appear five times a year for maybe  a week long engagement.  We hope your friends in the movies  will do the same.  We count on you  to convince them."
0.02,0.01,0.01,0.02,0.01,0.01,0.01333333333333333, Thanks.
0.02,0.01,0.01,0.03,0.01,0.0,0.013333333333333334, Is my credit good enough to buy you  out?
0.02,0.01,0.01,0.02,0.01,0.01,0.01333333333333333," The hotel, the casino.  The Corleone  family wants to buy you out."
0.1,0.01,0.01,0.09,0.01,0.01,0.03833333333333334, Your casino loses money.  Maybe we  can do better.
0.62,0.03,0.04,0.09,0.06,0.0,0.14,           (the worst insult)  You're unlucky.
0.06,0.01,0.01,0.05,0.02,0.0,0.024999999999999998, You took Freddie in because the  Corleone family bankrolled your  casino.  You and the Corleone  family are evened out.  This is for  business; name your price.
0.44,0.01,0.03,0.04,0.04,0.01,0.09500000000000001,"           (quietly, deadly)  Is that why you thought you could  slap Freddie around in public?"
0.04,0.01,0.01,0.02,0.01,0.01,0.016666666666666666, You straightened my brother out?
0.03,0.01,0.01,0.04,0.01,0.0,0.016666666666666666, I have to go back to New York  tomorrow.  Think of your price.
0.02,0.01,0.01,0.02,0.01,0.01,0.01333333333333333," The Don has semi-retired.  I'm  running the Family business now.  So anything you have to say, say it  to me."
0.17,0.01,0.02,0.07,0.02,0.07,0.060000000000000005," Freddie, you're my older brother.  I love you.  But don't ever take  sides with anybody against the  Family again."
0.02,0.01,0.01,0.03,0.01,0.01,0.015, I have to see my father and his  people when we get back to the Mall.
0.02,0.01,0.01,0.03,0.01,0.01,0.015, We'll go to the show tomorrow  night--we can change the tickets.
0.45,0.02,0.02,0.27,0.02,0.01,0.13166666666666668," No, you eat...don't wait up for me."
0.05,0.01,0.01,0.04,0.01,0.01,0.021666666666666667, Let HER ask.
0.04,0.01,0.01,0.02,0.01,0.01,0.016666666666666666, I'm busy.
0.02,0.01,0.01,0.02,0.01,0.01,0.01333333333333333," Let me think about it, O.K.?"
0.01,0.01,0.01,0.02,0.01,0.01,0.011666666666666667," In six months you can break off  from the Corleone Family and go on  your own.  Carlo, I'm counting on  you to make the move to Nevada;  you'll be my right-hand man out  there.  Tom Hagen is no longer the  Consigliere."
0.02,0.01,0.01,0.01,0.01,0.01,0.011666666666666667," He's going to be our lawyer in  Vegas.  Nobody goes to him with any  other business as of now, this  minute.  No reflection on Tom;  that's the way I want it.  Besides,  if I ever need any advice, who's a  better Consigliere than my father."
0.03,0.01,0.01,0.02,0.01,0.01,0.015, Maybe less...
0.02,0.01,0.01,0.03,0.01,0.01,0.015, No.  I want things very calm for  another six months.
0.02,0.01,0.01,0.02,0.01,0.01,0.01333333333333333, All I can say is that things are  being resolved that are more  effective than a thousand buttonmen  on the streets.  Understood?
0.04,0.02,0.01,0.09,0.01,0.02,0.03166666666666666, I'll come to you when I need you.
0.02,0.01,0.01,0.03,0.01,0.01,0.015," All right, then it's resolved."
0.02,0.01,0.01,0.03,0.01,0.01,0.015," Tom, we're going to be legitimate  all the way, and you're the legal  man.  What could be more important  than that."
0.02,0.01,0.01,0.02,0.01,0.01,0.01333333333333333, How did you find out?
0.02,0.01,0.01,0.02,0.01,0.01,0.01333333333333333, Not so perfectly if you noticed.
0.04,0.01,0.01,0.03,0.01,0.01,0.01833333333333333, You're not a wartime Consigliere.  Things may get tough with the move  we're trying.
0.63,0.06,0.04,0.13,0.04,0.01,0.15166666666666667,"           (coldly)  You're out, Tom."
0.04,0.01,0.01,0.06,0.01,0.01,0.023333333333333334, I'm going to talk to my father.
0.04,0.01,0.01,0.07,0.01,0.01,0.025000000000000005, I'll need him.
0.01,0.01,0.01,0.01,0.01,0.01,0.01, How?
0.02,0.01,0.01,0.01,0.01,0.01,0.011666666666666667, Yes.
0.02,0.01,0.01,0.02,0.01,0.01,0.01333333333333333, I've always respected you...
0.03,0.01,0.01,0.02,0.01,0.01,0.015, He talked to you?
0.22,0.02,0.03,0.05,0.04,0.0,0.06,"           (softly)  Christ, Tom; I needed more time  with him.  I really needed him."
0.02,0.01,0.01,0.01,0.01,0.01,0.011666666666666667, Not all...I needed another four  months and I would have had them  all.            (he looks at TOM)  I guess you've figured it all out?
0.1,0.01,0.01,0.04,0.01,0.01,0.030000000000000002, I know now.            (a passion wells up            inside of MICHAEL)  I'll make them call me Don.
0.02,0.01,0.01,0.03,0.01,0.01,0.015,"           (nods)  A week from tonight.  In Brooklyn  on Tessio's ground, where I'll be  safe."
0.01,0.01,0.01,0.01,0.01,0.02,0.011666666666666667, But after the Baptism.  I've  decided to stand as godfather to  Connie's baby.
0.02,0.01,0.01,0.03,0.01,0.01,0.015," Yes, I promise."
0.07,0.01,0.01,0.09,0.01,0.03,0.03666666666666667, I do renounce him.
0.05,0.01,0.01,0.07,0.01,0.04,0.03166666666666667, I do renounce them.
0.31,0.02,0.02,0.18,0.01,0.29,0.13833333333333334, I do wish to be baptized.
0.02,0.01,0.01,0.02,0.01,0.01,0.01333333333333333," Carlo...we've had a change in the  plans.  Mama, Connie, Kay and the  kids will have to take the trip out  to Vegas without us."
0.49,0.03,0.02,0.45,0.02,0.01,0.17, Go back to your house and wait for  me...
0.07,0.01,0.01,0.04,0.01,0.01,0.025000000000000005,           (to KAY)  I'll just be a couple of days...
0.03,0.01,0.01,0.03,0.01,0.0,0.015, You have to answer for Santino.
0.4,0.01,0.1,0.01,0.11,0.01,0.10666666666666667, You fingered Sonny for the Barzini  people.  That little farce you  played out with my sister.  Did  Barzini kid you that would fool a  Corleone?
0.3,0.02,0.02,0.15,0.02,0.01,0.08666666666666667,"           (quietly)  Barzini is dead.  So is Philip  Tattaglia, so are Strachi, Cuneo  and Moe Greene...I want to square  all the family accounts tonight.  So don't tell me you're innocent;  admit what you did."
0.09,0.01,0.01,0.05,0.01,0.01,0.03,"           (almost kindly)  Don't be frightened.  Do you think  I'd make my sister a widow?  Do you  think I'd make your children  fatherless?  After all, I'm  Godfather to your son.  No, your  punishment is that you're out of  the family business.  I'm putting  you on a plane to Vegas--and I want  you to stay there.  I'll send  Connie an allowance, that's all.  But don't keep saying you're  innocent; it insults my intelligence  and makes me angry.  Who approached  you, Tattaglia or Barzini?"
0.04,0.01,0.01,0.08,0.01,0.01,0.026666666666666672,"           (softly)  Good, good.  Leave now; there's a  car waiting to take you to the  airport."
0.04,0.01,0.01,0.11,0.01,0.01,0.03166666666666667, I'll call your wife and tell her  what flight you're on.
0.02,0.01,0.01,0.03,0.01,0.01,0.015,           (smiles)  Speak your mind.
0.04,0.01,0.01,0.04,0.01,0.01,0.02, No.  This I have to do.
0.05,0.01,0.01,0.04,0.01,0.0,0.02, Sit in the car.
0.06,0.01,0.02,0.01,0.02,0.01,0.021666666666666667, Where's the boss?
0.31,0.02,0.02,0.24,0.02,0.01,0.10333333333333335, Get her home and get a doctor.
0.32,0.01,0.02,0.03,0.03,0.01,0.07, She's hysterical.
0.02,0.01,0.01,0.02,0.01,0.01,0.01333333333333333, Don't ask me.
0.03,0.01,0.01,0.08,0.01,0.01,0.025000000000000005," All right, this one time I'll let  you ask about my affairs, one last  time."
0.03,0.01,0.01,0.02,0.01,0.01,0.015,           (after a very long pause)  No.
