Intense,Severe,Obscene,Threatening,Insulting,Personal,meta_intensity,Dialogue
0.03,0.01,0.01,0.02,0.01,0.01,0.015," He'll be here Pop, it's still early."
0.31,0.01,0.02,0.06,0.01,0.01,0.07," Sandra, watch the kids.  They're  running wild."
0.08,0.01,0.01,0.03,0.01,0.01,0.025000000000000005," Buddy, this is a private party."
0.95,0.06,0.5,0.02,0.4,0.06,0.3316666666666667, Goddamn FBI...don't respect nothing.
0.02,0.01,0.01,0.01,0.01,0.01,0.011666666666666667, And Michael?
0.04,0.01,0.03,0.01,0.03,0.04,0.02666666666666667," It's me, Sonny."
0.01,0.01,0.01,0.01,0.01,0.02,0.011666666666666667, The Tattaglia family guarantees our  investment?
0.13,0.01,0.04,0.01,0.03,0.01,0.03833333333333334, Yeah.
0.01,0.01,0.01,0.01,0.01,0.01,0.01, I think so.  Detective squad?
0.03,0.01,0.01,0.04,0.01,0.01,0.01833333333333333, Is he alive?
0.02,0.01,0.01,0.02,0.01,0.01,0.01333333333333333, Find out anything you can...you got  a Grand coming.            (click)
0.02,0.01,0.01,0.03,0.01,0.01,0.015," Theresa, let me talk to Tom.  Not  yet?  Have him call me as soon as  he gets home."
0.5,0.02,0.02,0.36,0.02,0.02,0.15666666666666668,           (calmly)  They shot the old man.
0.04,0.01,0.01,0.04,0.01,0.02,0.021666666666666667, Honey...don't worry.  Nothing else  is going to happen.
0.13,0.01,0.04,0.01,0.03,0.01,0.03833333333333334, Yeah.
0.73,0.11,0.22,0.02,0.2,0.01,0.215," Where the hell was Paulie, why  wasn't he with the Don?"
0.02,0.01,0.01,0.02,0.01,0.01,0.01333333333333333, How many times did he stay home the  last couple of months?
0.55,0.02,0.03,0.31,0.02,0.02,0.15833333333333335," Go get Paulie, I don't care how  sick he is.  Pick him up yourself,  and bring him to my father's house."
0.04,0.01,0.01,0.02,0.01,0.0,0.015," No, just you and Paulie."
0.02,0.01,0.01,0.03,0.01,0.01,0.015," A couple of our people will come to  stay here.  Do whatever they say;  I'm going over to the main house.  If you want me, use Pop's special  phone."
0.02,0.01,0.01,0.02,0.01,0.01,0.01333333333333333, Hello.
0.13,0.01,0.04,0.01,0.03,0.01,0.03833333333333334, Yeah.
0.02,0.01,0.01,0.06,0.01,0.01,0.02,           (quietly)  I'll wait.
0.03,0.01,0.01,0.01,0.01,0.01,0.013333333333333334," Ma?  Ma, where are you."
0.05,0.01,0.01,0.02,0.01,0.01,0.018333333333333333," Ma, I just got a call.  Pop's  hurt...I don't know how bad."
0.02,0.01,0.01,0.02,0.01,0.02,0.015,"           (almost in tears)  We don't know yet, Ma."
0.05,0.01,0.01,0.03,0.01,0.01,0.02, Tessio...This is Santino Corleone.  I want fifty reliable men out here.
0.02,0.01,0.01,0.03,0.01,0.01,0.015, I don't want to use Clemenza's  people right now.  Understood?
0.02,0.01,0.02,0.01,0.02,0.03,0.018333333333333333, Luca.
0.03,0.01,0.01,0.05,0.01,0.01,0.02," Don't worry, Theresa; they just  want to give Tom the proposition,  then they're going to turn him loose."
0.68,0.02,0.09,0.04,0.1,0.01,0.15666666666666668, I was worried when we couldn't get  in touch with you in that hick town.
0.02,0.01,0.01,0.04,0.01,0.01,0.016666666666666666, Good.  She's been through it before.  Me too.  You were too young to know  about it.  You better wait outside;  there're some things you shouldn't  hear.
0.79,0.06,0.08,0.05,0.1,0.01,0.18166666666666667," Oh no you can't, the old man'd be  sore as hell if I let you get mixed  up in this."
0.02,0.01,0.02,0.01,0.02,0.05,0.021666666666666667, Theresa.
0.22,0.01,0.02,0.07,0.01,0.01,0.05666666666666667," All right, Mikey...who do we have  to hit, Clemenza or Paulie?"
0.06,0.01,0.01,0.02,0.01,0.01,0.019999999999999997, One of them fingered the old man.
0.09,0.01,0.04,0.01,0.03,0.01,0.03166666666666667," You're right, kid, Clemenza is okay.  It was Paulie."
0.03,0.01,0.01,0.02,0.01,0.01,0.015," On the three days Paulie was sick  this month, he got calls from a  payphone across from the old man's  building.  We got people in the  phone company.            (he shrugs)  Thank God it was Paulie...we'll  need Clemenza bad."
0.03,0.01,0.01,0.02,0.01,0.01,0.015, Until the old man tells me different.
0.83,0.05,0.03,0.64,0.03,0.05,0.27166666666666667," Sollozzo is a dead man, I don't  care what it costs.  I don't care  if we have to fight all the five  families in New York.  The Tattaglia  family's going to eat dirt.  I  don't care if we all go down  together."
0.01,0.01,0.01,0.02,0.01,0.01,0.011666666666666667," I know I'm not the man he was.  But  I'll tell you this and he'll tell  you too.  When it comes to real  action, I can operate as good as  anybody short range."
0.03,0.01,0.01,0.02,0.01,0.0,0.013333333333333334," Christ, if I could only contact Luca."
0.02,0.01,0.01,0.01,0.01,0.01,0.011666666666666667, The cops have it locked in and I  got my people there visiting Pop  all the time.  What about the hit  list.
0.08,0.01,0.01,0.04,0.02,0.0,0.02666666666666666, If Luca sold out we're in real  trouble.
0.27,0.01,0.03,0.03,0.03,0.0,0.06166666666666668," No, and I've been calling all night.  Maybe he's shacked up."
0.86,0.1,0.04,0.73,0.04,0.05,0.30333333333333334," Tom, you're the Consigliere, what  do we do if the old man dies?"
0.06,0.01,0.01,0.02,0.01,0.01,0.019999999999999997,           (angry)  That's easy to say; it's not your  father.
0.27,0.02,0.06,0.03,0.07,0.0,0.075," Oh Christ Tom, I didn't mean it  that way."
0.08,0.01,0.02,0.05,0.02,0.0,0.03," OK, we sit tight until the old man  can give us the lead.  But Tom, I  want you to stay inside the Mall.  You too, Mike, no chances.  Tessio,  you hold your people in reserve,  but have them nosing around the  city.  The hospital is yours; I  want it tight, fool-proof, 24 hours  a day."
0.02,0.01,0.01,0.02,0.01,0.01,0.01333333333333333, What is it?
0.02,0.01,0.01,0.02,0.01,0.01,0.01333333333333333," Tessio, see what it is."
0.13,0.01,0.03,0.02,0.02,0.01,0.03666666666666667, Yeah.  Hang around.
0.03,0.01,0.01,0.04,0.01,0.01,0.01833333333333333, Clemenza.  You take care of Paulie.  I don't ever want to see him again.  Understood?
0.89,0.1,0.21,0.08,0.2,0.01,0.24833333333333332," Okay, now you can move your men  into the Mall, replace Tessio's  people.  Mike, tomorrow you take a  couple of Clemenza's people and go  to Luca's apartment and wait for  him to show.  That crazy bastard  might be going after Sollozzo right  now if he's heard the news."
0.05,0.01,0.01,0.05,0.01,0.0,0.021666666666666667," OK forget it, just stay on the phone."
0.02,0.01,0.01,0.02,0.01,0.01,0.01333333333333333, You take care of Paulie?
0.02,0.01,0.01,0.02,0.01,0.01,0.01333333333333333, Where are you going?
0.02,0.01,0.01,0.02,0.01,0.01,0.01333333333333333,           (to Clemenza; dipping            bread into the sauce)  Send some bodyguards.
0.02,0.01,0.01,0.03,0.01,0.01,0.015," OK, but be careful."
0.98,0.24,0.55,0.17,0.46,0.07,0.4116666666666666, I've got a hundred button men on  the streets twenty-four hours a day.  If Sollozzo shows one hair on his  ass he's dead.
0.04,0.01,0.01,0.02,0.01,0.01,0.016666666666666666," Mikey, you look beautiful!"
0.97,0.26,0.84,0.04,0.73,0.06,0.48333333333333334, The Turk wants to talk!  The nerve  of that son of a bitch!  After he  craps out last night he wants a meet.
0.01,0.01,0.01,0.02,0.01,0.01,0.011666666666666667," Sure, he wants us to send Mike to  meet him to hear his proposition.  The promise is the deal will be so  good we can't refuse."
0.02,0.01,0.01,0.02,0.01,0.01,0.01333333333333333, Part of the deal: Bruno cancels out  what they did to my father.
0.63,0.02,0.01,0.1,0.02,0.05,0.13833333333333334," No, no Consiglere.  Not this time.  No more meetings, no more  discussions, no more Sollozzo  tricks.  Give them one message: I  WANT SOLLOZZO.  If not, it's all  out war.  We go to the mattresses  and we put all the button men out  on the street."
0.06,0.01,0.01,0.04,0.01,0.01,0.023333333333333334, Then THEY hand me Sollozzo.
0.85,0.04,0.02,0.63,0.02,0.14,0.2833333333333334, And when they shot me father...
0.02,0.01,0.01,0.03,0.01,0.0,0.013333333333333334," No no, no more advice on how to  patch it up Tom.  You just help me  win.  Understood?"
0.85,0.1,0.05,0.15,0.06,0.01,0.20333333333333334,           (still fuming)  McCluskey can't stay with the Turk  forever.  We'll wait.
0.38,0.01,0.05,0.01,0.04,0.03,0.08666666666666667, The kid's right.
0.06,0.01,0.01,0.02,0.01,0.01,0.019999999999999997, Go on Mike.
0.91,0.06,0.16,0.07,0.18,0.01,0.23166666666666666," You?  You, the high-class college  kid.  You never wanted to get mixed  up in the family business.  Now you  wanta gun down a police Captain and  the Turk just because you got  slapped in the face.  You're taking  it personal, it's just business and  he's taking it personal."
0.03,0.01,0.01,0.02,0.01,0.01,0.015," What are you, inspecting the  barracks?            (SONNY sits up with            his head in his hands)  You ready?  Did Clemenza tell you  be sure to drop the gun right away?"
0.04,0.01,0.01,0.03,0.01,0.0,0.016666666666666666," Sollozzo and McCluskey are going to  pick you up in an hour and a half  on Times Square, under the big  Camels sign."
0.02,0.0,0.01,0.01,0.01,0.01,0.01, That could be a Tattaglia informer  with the meeting place.
0.03,0.01,0.01,0.01,0.01,0.01,0.013333333333333334, One of Tattaglia's people?
0.96,0.26,0.58,0.04,0.39,0.03,0.37666666666666665," I want somebody very good, very  safe to plant that gun.  I don't  want my brother coming out of that  toilet with just his dick in his  hand."
0.04,0.01,0.01,0.03,0.01,0.0,0.016666666666666666,"           (to MICHAEL, warmly)  You're on, kid...I'll square it  with Mom your not seeing her before  you left.  And I'll get a message  to your girl friend when I think  the time is right."
0.03,0.01,0.01,0.02,0.01,0.01,0.015, Probably a year...
0.02,0.01,0.01,0.02,0.01,0.01,0.01333333333333333, Can you do it Mike?
0.13,0.01,0.04,0.01,0.03,0.01,0.03833333333333334, Yeah.
0.04,0.01,0.03,0.01,0.03,0.04,0.02666666666666667," It's me, Sonny."
0.01,0.01,0.01,0.01,0.01,0.02,0.011666666666666667,"           (tenderly)  Connie, what is it?"
0.07,0.02,0.01,0.07,0.02,0.0,0.03166666666666667, I'm goin' to have the doctor come  over and take a look at you.
0.88,0.04,0.05,0.44,0.05,0.03,0.24833333333333338, Hey.  Con.  What'm I goin' to do?  Make your kid a orphan before he's  born.
0.98,0.38,0.25,0.73,0.27,0.12,0.455, You...bastard...You...hurt my  sister... again...and I'll  kill...you.
0.34,0.01,0.02,0.04,0.02,0.01,0.07333333333333335," Pop, they hit us and we hit them  back."
0.05,0.01,0.01,0.04,0.01,0.01,0.021666666666666667, Freddie's gonna go to Las  Vegas...under the protection of Don  Francesco of L.A.  I want him to  rest...
0.02,0.01,0.01,0.02,0.01,0.01,0.01333333333333333, We'll let the old man take it easy  for a couple of weeks.  I want to  get things going good before he  gets better.  What's the matter  with you?
0.13,0.01,0.01,0.05,0.01,0.01,0.036666666666666674," No more stalemate Tom, we got the  soldiers, we'll match them gun for  gun if that's how they want it.  They know me for what I am, Tom--  and they're scared of me."
0.08,0.01,0.01,0.02,0.01,0.02,0.024999999999999998," Well it's war!  We might not be in  this shape if we had a real war-  time Consiglere, a Sicilian.  Pop  had Genco, who do I have?            (TOM starts to leave)  Hey Tom, hey...hey.  It's Sunday,  we're gonna have dinner.  Don't be  sore."
0.06,0.01,0.02,0.01,0.02,0.01,0.021666666666666667, Yeah Connie.
0.09,0.02,0.01,0.08,0.01,0.0,0.035,           (in a controlled voice)  You wait there.  You just wait there.
0.92,0.21,0.43,0.03,0.43,0.02,0.34,           (quietly)  That sonofabitch; that sonofabitch...
